---,ollie,73791
ts,acc_x,acc_y,acc_z,gyr_x,gyr_y,gyr_z
73864,0.102,-0.000,-0.994,0.671,0.671,-0.244
73894,0.102,-0.017,-0.993,0.610,3.113,-0.122
73922,0.101,-0.019,-0.993,0.610,3.235,0.000
73948,0.099,-0.005,-0.992,0.549,2.563,0.061
73976,0.099,-0.004,-0.990,0.610,0.854,0.183
74005,0.096,0.011,-0.991,0.549,-0.671,0.183
74035,0.097,0.016,-0.992,0.488,-2.136,0.061
74064,0.099,0.020,-0.992,0.488,-3.601,0.000
74091,0.100,0.019,-0.992,0.488,-4.517,-0.061
74121,0.104,0.008,-0.994,0.305,-5.798,-0.061
74149,0.112,0.000,-0.991,-0.366,-9.216,-0.061
74205,0.124,0.008,-0.992,0.977,-16.846,0.000
74233,0.130,0.025,-0.991,0.793,-15.320,-0.244
74263,0.137,0.012,-0.987,1.038,-12.390,-0.366
74291,0.139,-0.003,-0.990,1.221,-9.277,-0.427
74318,0.146,-0.010,-0.993,0.793,-2.136,-0.427
74345,0.147,-0.013,-0.989,0.549,1.953,-0.244
74372,0.146,-0.022,-0.988,0.549,2.441,-0.122
74400,0.144,-0.010,-0.991,0.183,1.953,0.244
74429,0.141,0.007,-0.982,0.122,-0.366,0.244
74456,0.143,0.011,-0.986,0.549,-1.953,0.183
74484,0.143,0.016,-0.985,0.671,-2.258,0.061
74535,0.145,0.009,-0.988,0.488,-2.319,-0.183
74565,0.147,0.012,-0.985,0.671,-2.441,-0.183
74591,0.147,0.004,-0.989,0.854,-1.709,-0.305
74620,0.149,0.004,-0.986,0.610,-0.488,-0.183
74649,0.150,-0.005,-0.985,0.916,0.366,-0.183
74678,0.150,-0.007,-0.988,0.977,2.563,-0.122
74707,0.147,-0.009,-0.989,0.610,4.395,-0.061
74736,0.145,-0.015,-0.985,0.488,4.211,0.183
74765,0.142,-0.004,-0.988,0.366,2.747,0.305
74791,0.143,0.006,-0.985,0.183,0.549,0.366
74818,0.143,0.011,-0.986,0.122,-2.319,0.366
74846,0.143,0.023,-0.985,0.183,-4.211,0.244
74903,0.146,0.034,-0.986,0.244,-5.493,-0.183
74933,0.152,0.023,-0.986,0.793,-4.700,-0.366
74963,0.156,0.011,-0.989,0.610,-2.136,-0.549
74993,0.154,0.001,-0.986,0.671,-0.793,-0.610
75023,0.157,-0.009,-0.986,0.793,0.793,-0.427
75053,0.154,-0.007,-0.988,0.793,2.991,-0.366
75083,0.154,-0.025,-0.987,0.427,2.502,-0.183
75113,0.153,-0.012,-0.985,0.488,1.099,0.244
75143,0.151,0.009,-0.985,0.427,0.000,0.244
75173,0.151,0.011,-0.983,0.366,-2.319,0.183
75201,0.152,0.012,-0.986,0.549,-4.150,0.183
75251,0.155,0.008,-0.984,0.488,-8.057,0.000
75280,0.165,0.020,-0.987,0.732,-9.155,0.000
75309,0.172,0.023,-0.980,0.793,-8.423,-0.183
75337,0.172,0.009,-0.983,0.793,-5.981,-0.366
75366,0.172,0.004,-0.984,0.549,-3.601,-0.305
75469,0.179,0.003,-0.981,0.671,-0.854,0.061
75519,0.176,0.000,-0.983,0.366,1.099,0.061
75548,0.177,0.001,-0.981,0.671,0.366,0.061
75576,0.179,-0.007,-0.985,0.916,0.671,0.122
75606,0.175,0.006,-0.983,0.244,0.732,0.183
75635,0.177,0.000,-0.980,0.793,0.671,0.244
75662,0.176,0.000,-0.988,0.732,1.404,0.305
75714,0.175,-0.012,-0.979,0.427,-0.244,0.427
75743,0.176,-0.005,-0.983,0.732,-0.061,0.671
75772,0.173,0.009,-0.985,0.671,3.479,0.610
75801,0.170,0.014,-0.985,0.610,6.470,0.610
75828,0.166,0.018,-0.989,-0.427,9.277,0.305
75856,0.160,0.023,-0.986,-0.610,13.794,0.061
75884,0.149,0.026,-0.987,-0.244,17.761,-0.061
75913,0.149,-0.013,-0.988,-0.061,19.348,0.122
75940,0.138,-0.030,-0.982,0.488,17.761,0.366
75966,0.134,-0.094,-0.979,1.160,7.874,0.916
75993,0.143,-0.109,-0.983,1.404,-6.409,1.953
76045,0.151,-0.083,-0.971,0.061,-20.325,3.052
76076,0.163,-0.081,-1.005,0.610,-15.869,3.723
76104,0.164,-0.067,-0.993,-2.808,-5.859,4.822
76133,0.165,-0.058,-0.978,-3.479,-4.333,5.249
76162,0.154,0.020,-0.984,-0.977,-6.531,6.165
76191,0.152,0.222,-1.005,-2.991,-6.531,5.066
76221,0.117,0.450,-0.994,-8.057,-0.122,1.038
76249,0.132,0.408,-0.982,-6.287,6.531,-3.113
76278,0.137,0.165,-1.015,0.427,40.222,-5.737
76307,0.127,0.108,-1.009,3.235,84.656,-6.348
76336,0.084,0.120,-0.973,1.831,96.436,-5.371
76365,0.044,-0.074,-0.974,2.869,46.204,-3.601
76421,-0.563,0.167,-0.897,-3.174,-10.620,-8.545
76450,0.343,-0.100,-0.673,-3.479,-67.261,-15.808
76480,0.219,-0.241,-0.994,13.245,-48.523,-2.380
76509,0.013,0.585,-0.640,4.944,-84.717,-2.502
76538,0.158,-0.234,-1.050,4.089,-66.772,-5.493
76567,0.174,0.009,-1.000,2.869,-50.842,-4.150
76596,0.246,-0.296,-0.993,4.700,8.606,-4.822
76626,0.185,-0.213,-1.008,1.160,39.429,-0.977
76655,0.190,-0.266,-0.978,0.244,44.495,2.258
76683,0.121,-0.071,-0.972,-0.671,25.513,3.601
76711,0.127,0.176,-1.013,-3.235,-7.568,2.991
76764,0.117,0.222,-0.963,-5.554,9.094,-1.892
76793,0.129,0.067,-0.975,1.282,7.935,-2.136
76823,0.126,0.016,-0.978,4.761,5.920,-1.404
76853,0.138,-0.130,-1.003,2.686,-0.732,-1.465
76883,0.136,-0.126,-0.993,-2.136,-3.479,-1.038
76914,0.134,-0.053,-0.973,-0.366,-6.592,-0.305
76944,0.137,-0.047,-0.988,3.296,-7.080,0.793
76972,0.140,-0.021,-1.006,1.648,-0.061,0.916
77001,0.137,-0.033,-0.983,0.000,-2.197,0.732
77097,0.192,-0.529,-0.995,-0.854,-1.160,7.263
77155,0.174,-0.306,-1.020,-13.184,-24.902,16.357
77213,0.039,1.630,-1.061,-17.273,6.042,4.333
77243,-0.026,1.822,-1.386,-56.152,51.758,4.089
77274,0.304,1.840,-2.081,-227.722,141.418,-28.564
77304,0.347,-1.256,-1.016,-518.005,310.974,38.025
77333,0.086,-2.299,-0.010,-538.818,-88.806,102.234
77363,0.220,0.401,0.288,-195.679,-167.725,30.029
77393,0.043,-0.785,-0.471,-209.412,-77.087,18.066
77423,0.114,-1.588,-0.572,-61.096,4.578,9.216
77452,-0.068,0.122,0.063,140.137,-87.769,10.071
77486,-0.219,0.924,0.010,268.799,99.976,37.537
77537,-0.232,-0.702,1.737,479.492,198.547,-16.296
77565,-0.330,-0.005,1.387,382.629,-144.348,-26.611
77595,-1.430,-0.236,2.858,318.115,351.501,-34.668
77624,0.264,-0.437,1.232,215.454,437.622,-45.898
77658,-0.001,0.048,0.221,58.411,132.507,19.958
77686,-0.108,0.243,-0.180,-257.385,-614.990,-66.162
77715,0.316,0.094,0.667,-0.977,268.494,-26.062
77743,-0.200,-0.156,-0.188,-27.344,-178.284,-30.457
77773,-0.311,0.321,-0.684,-2.930,135.803,-7.812
77804,-0.273,0.226,-0.346,-8.972,-47.241,-16.663
77833,-0.190,0.230,-1.124,1.221,-43.640,-10.010
77883,-0.174,0.775,-0.962,-2.869,19.165,0.061
77917,-0.213,0.326,-0.989,4.883,7.263,8.301
77940,-0.310,-0.342,-0.931,5.127,-1.404,6.714
77972,-0.332,-0.486,-0.907,4.150,-15.503,3.418
78000,-0.300,-0.357,-0.932,2.441,-47.180,-1.465
78029,-0.202,-0.033,-1.016,-0.366,-34.546,-2.808
78058,-0.193,0.231,-0.984,-2.075,27.222,-3.845
78087,-0.215,0.204,-0.957,0.427,1.465,-0.366
78112,-0.219,0.108,-0.973,1.831,-6.348,1.465
78141,-0.232,0.029,-0.974,1.953,-6.897,3.174
78167,-0.222,-0.039,-0.991,0.427,24.841,2.502
78222,-0.275,-0.136,-0.941,1.160,5.371,1.831
78251,-0.274,-0.163,-0.938,1.770,-14.587,0.122
78280,-0.253,-0.063,-0.956,2.319,-38.086,-0.122
78309,-0.216,-0.116,-1.005,-0.671,-0.122,-3.174
78339,-0.248,-0.089,-0.937,-0.732,7.996,-3.113
78367,-0.228,-0.099,-0.966,0.671,-23.071,-3.845
78402,-0.213,-0.085,-0.954,0.793,-41.687,-3.418
78431,-0.175,-0.078,-0.990,-0.122,-48.035,-6.165
78459,-0.181,-0.188,-0.998,-2.380,16.296,-6.348
78487,-0.193,-0.154,-0.974,-2.441,31.250,-7.263
78516,-0.171,0.211,-0.977,-0.549,7.874,-6.409
78567,-0.162,0.285,-0.979,0.244,5.920,-0.122
78596,-0.152,0.393,-0.986,1.099,-2.625,3.113
78626,-0.136,0.393,-1.009,1.465,-6.836,6.042
78656,-0.184,0.213,-0.927,0.305,-3.174,7.141
78686,-0.165,-0.013,-0.907,6.836,7.019,12.451
78790,-0.233,-0.355,-0.961,3.662,-10.071,6.592
78846,-0.174,-0.178,-0.988,2.136,-25.146,2.197
78873,-0.163,-0.217,-0.999,0.610,-9.338,1.160
78902,-0.169,-0.144,-0.980,-1.221,11.475,-0.366
78931,-0.166,-0.108,-0.986,-0.977,24.170,-1.221
78960,-0.176,-0.072,-0.991,-2.136,39.001,-2.197
79012,-0.217,0.000,-0.965,-2.319,33.020,-3.052
79040,-0.246,-0.053,-0.960,-2.686,32.349,-2.991
79075,-0.239,0.089,-0.963,-1.892,20.081,-3.906
79103,-0.223,0.181,-0.977,-1.099,17.456,-2.197
79132,-0.244,0.124,-0.963,-0.366,16.968,0.183
79161,-0.261,0.014,-0.962,0.000,12.390,0.977
79184,-0.278,-0.039,-0.979,0.854,11.597,1.099
79216,-0.277,-0.115,-1.024,2.197,20.081,0.977
79245,-0.293,-0.040,-0.954,4.456,22.156,0.793
79273,-0.299,-0.005,-0.951,4.089,18.616,0.671
79301,-0.318,-0.054,-0.941,0.305,22.644,-0.916
79350,-0.328,0.005,-0.940,-0.305,18.677,-0.977
79375,-0.355,-0.083,-0.896,0.793,14.343,-0.793
79405,-0.337,0.004,-0.934,0.488,13.550,-1.099
79435,-0.343,-0.009,-0.938,1.831,9.827,-0.671
79465,-0.360,-0.040,-0.914,-0.305,10.864,-1.648
79495,-0.358,0.020,-0.912,0.000,10.559,-1.526
79525,-0.380,-0.023,-0.853,-0.488,0.793,-1.465
79555,-0.348,0.004,-0.953,0.244,-4.456,-1.099
79586,-0.363,-0.051,-0.937,1.099,0.488,-1.099
79614,-0.361,-0.014,-0.921,-1.099,1.221,-2.197
79639,-0.350,0.029,-0.957,0.366,2.930,-1.404
79694,-0.343,0.042,-0.983,-0.488,8.057,-1.587
79720,-0.363,0.004,-0.947,0.549,14.954,-0.671
79749,-0.383,-0.022,-0.897,2.686,13.916,0.183
79778,-0.382,-0.015,-0.912,1.770,11.536,-0.488
79805,-0.398,0.017,-0.847,3.113,4.761,0.244
79834,-0.431,-0.030,-0.742,2.563,-15.198,0.244
79863,-0.375,-0.030,-0.911,-1.343,-22.766,-1.465
79890,-0.391,-0.040,-0.823,0.061,-31.738,-1.160
79923,-0.338,-0.142,-1.009,-4.639,-30.762,-3.723
79952,-0.338,-0.041,-0.922,-4.089,-27.222,-4.395
79979,-0.330,-0.086,-0.953,-8.850,-30.151,-7.263
80030,-0.309,0.047,-0.933,-3.601,-9.094,-5.432
80059,-0.282,0.084,-0.998,-2.441,-4.700,-3.906
80088,-0.295,0.090,-0.927,-0.977,-7.996,-2.197
80117,-0.281,0.032,-0.979,-0.732,-16.846,-1.465
80146,-0.290,-0.015,-0.952,1.526,-15.564,-0.427
80175,-0.292,-0.060,-0.936,2.686,-30.579,-0.183
80210,-0.250,-0.033,-0.943,4.517,-60.425,-0.427
80239,-0.226,-0.088,-0.929,5.005,-128.540,-1.953
80268,-0.136,-0.127,-1.000,3.967,-145.569,1.404
80296,-0.069,-0.095,-1.029,2.563,-90.759,0.488
80346,-0.015,-0.006,-0.983,1.221,-60.974,-0.732
80452,0.067,0.089,-0.994,1.160,-47.302,0.122
80503,0.113,0.070,-0.998,0.549,-30.212,-0.732
80533,0.118,0.045,-1.007,0.610,1.770,-0.977
80561,0.112,0.033,-1.004,0.183,29.846,-1.587
80590,0.091,0.021,-0.993,0.061,35.645,-1.648
80619,0.084,-0.066,-0.977,0.244,20.813,-1.282
80646,0.084,-0.118,-0.986,0.793,0.793,-0.610
80675,0.091,-0.090,-0.982,0.977,-20.386,0.305
80703,0.101,-0.092,-0.991,1.282,-29.785,0.732
80731,0.111,-0.057,-0.999,0.305,-24.292,0.977
80758,0.121,0.026,-0.989,0.000,-21.240,1.282
80813,0.136,0.054,-0.992,0.427,-11.047,1.038
80843,0.135,0.093,-0.994,0.549,3.296,0.305
80873,0.128,0.060,-1.001,0.427,24.048,-0.732
80903,0.112,0.057,-1.003,0.000,45.227,-1.404
80933,0.092,0.034,-0.996,-0.549,57.556,-1.465
80963,0.065,-0.033,-0.997,-0.793,62.256,-1.282
80994,0.027,-0.055,-0.986,-0.488,53.162,-0.488
81024,-0.001,-0.038,-0.992,0.061,43.030,-0.671
81054,-0.021,-0.054,-0.992,-0.183,34.241,-0.488
81083,-0.038,-0.065,-0.987,0.366,14.465,-0.183
81112,-0.038,-0.057,-0.991,0.549,4.944,-0.183
81167,-0.033,-0.018,-0.997,1.099,-11.414,0.183
81196,-0.031,-0.001,-1.017,0.122,4.761,-0.122
81223,-0.039,0.019,-0.994,-0.793,20.996,-0.366
81251,-0.049,0.031,-0.984,0.061,13.000,-0.244
81279,-0.052,0.030,-0.990,0.610,2.502,0.000
81306,-0.049,0.042,-0.991,1.221,-6.226,-0.061
81331,-0.049,0.023,-0.999,0.977,-3.113,-0.061
81358,-0.052,0.008,-1.007,-0.122,13.367,-0.366
81387,-0.058,-0.008,-0.989,-0.061,13.977,-0.305
81411,-0.069,-0.034,-0.988,0.305,7.568,-0.122
81440,-0.063,-0.018,-0.987,0.854,-3.418,0.061
81492,-0.056,0.018,-1.000,0.793,-5.798,-0.183
81526,-0.056,0.007,-0.996,0.732,-3.113,-0.183
81555,-0.056,-0.012,-0.994,0.671,-3.540,-0.122
81583,-0.050,-0.016,-0.989,0.916,-11.841,0.000
81611,-0.043,-0.042,-0.988,1.709,-25.818,0.305
81639,-0.025,-0.019,-1.003,1.648,-22.949,0.427
81666,-0.020,0.025,-1.003,1.160,-18.921,0.244
81694,-0.007,0.033,-0.996,0.732,-20.630,0.183
81722,0.002,0.006,-0.989,0.916,-32.593,0.183
81747,0.025,-0.021,-0.998,1.343,-30.457,0.610
81782,0.035,0.008,-1.000,1.099,-21.484,0.427
81832,0.045,0.030,-0.997,0.732,-18.311,0.061
81861,0.069,-0.005,-0.998,0.488,-11.169,-0.061
81890,0.063,-0.012,-1.002,0.366,-1.282,-0.183
81919,0.063,0.011,-1.000,0.183,6.348,-0.122
81948,0.060,-0.010,-1.002,-0.061,17.944,-0.549
81973,0.047,-0.012,-0.995,-0.366,19.653,-0.305
82077,0.051,0.016,-0.991,1.282,-21.790,0.488
82133,0.087,0.016,-1.000,0.854,-19.592,0.183
82161,0.080,0.030,-1.001,0.610,-12.024,0.000
82191,0.089,0.017,-0.994,0.549,-7.690,-0.183
82219,0.094,-0.002,-0.993,0.732,-6.104,-0.305
82270,0.093,-0.003,-0.989,0.549,-9.583,-0.061
82299,0.113,-0.008,-0.993,0.732,-7.996,-0.122
82326,0.104,-0.002,-0.998,0.305,2.991,-0.183
82355,0.101,0.003,-0.997,0.183,13.306,-0.305
82389,0.092,-0.000,-0.997,0.000,23.560,-0.793
82416,0.078,-0.009,-1.002,-0.671,37.842,-0.671
82444,0.057,-0.008,-0.991,-0.671,38.757,-0.549
82470,0.044,-0.014,-0.985,0.000,26.245,-0.122
82499,0.034,-0.012,-0.988,0.549,7.507,0.061
82523,0.036,0.013,-0.988,1.099,-10.010,0.366
82556,0.045,-0.016,-0.994,1.160,-20.874,0.183
82606,0.061,-0.003,-0.998,0.916,-14.404,0.061
82636,0.066,0.002,-1.003,0.854,-6.104,0.122
82664,0.065,0.011,-0.998,0.427,1.526,0.000
82693,0.065,0.009,-0.991,0.549,-1.160,0.122
82722,0.068,-0.012,-0.992,0.793,-6.348,0.061
82750,0.071,-0.014,-0.998,0.732,-5.005,0.061
82778,0.071,0.002,-1.000,0.427,3.235,0.000
82805,0.069,0.020,-0.999,0.122,6.836,0.000
82834,0.066,0.026,-0.990,0.244,2.686,0.000
82861,0.068,-0.004,-0.991,0.671,-4.028,-0.183
82890,0.071,-0.006,-0.995,0.732,-4.639,-0.183
82917,0.070,0.005,-0.997,0.671,-4.639,0.000
82972,0.079,-0.013,-1.005,0.366,3.479,-0.427
83001,0.072,-0.006,-1.000,-0.305,16.663,-0.427
83031,0.063,-0.027,-0.994,-0.061,18.799,-0.366
83059,0.053,-0.028,-0.996,-0.061,19.104,-0.244
83087,0.047,-0.025,-0.992,0.061,15.442,0.061
83115,0.039,-0.006,-0.990,0.549,5.249,0.244
83142,0.040,0.013,-0.991,0.793,-3.540,0.305
83169,0.042,0.022,-0.996,0.793,-5.371,0.244
83197,0.042,0.052,-0.995,0.610,-6.897,0.061
83224,0.046,0.032,-0.996,0.732,-9.033,-0.061
83253,0.053,0.002,-0.998,0.854,-4.028,-0.305
83305,0.048,-0.021,-0.996,0.061,7.263,-0.122
83335,0.048,-0.033,-0.992,0.549,0.610,0.122
83365,0.050,-0.023,-0.994,0.549,-3.113,0.061
83395,0.049,0.005,-0.996,0.610,-1.770,0.061
83423,0.049,0.025,-0.997,0.488,0.488,-0.183
83452,0.047,0.018,-0.995,0.488,1.221,-0.183
83482,0.047,0.003,-0.998,0.305,2.869,-0.122
83511,0.047,-0.004,-0.994,0.244,2.869,-0.061
83540,0.046,0.007,-0.992,0.549,-2.075,0.183
83569,0.049,0.004,-0.994,0.854,-6.409,0.000
83596,0.052,0.002,-0.998,0.732,-5.432,-0.122
83698,0.053,-0.003,-0.997,0.610,-1.953,-0.122
83773,0.054,0.000,-0.996,0.427,2.136,-0.183
83800,0.052,-0.007,-0.997,0.427,3.052,-0.122
83827,0.050,-0.011,-0.994,0.427,1.770,-0.122
83854,0.050,-0.001,-0.993,0.549,-0.183,0.000
83882,0.052,0.007,-0.995,0.549,-2.319,-0.122
83911,0.051,0.011,-0.997,0.549,-1.709,-0.061
83938,0.053,0.008,-0.996,0.366,0.122,-0.061
83967,0.051,-0.008,-1.000,0.305,2.075,-0.244
83996,0.050,-0.007,-0.999,0.061,6.409,-0.183
84023,0.047,-0.005,-0.997,0.061,9.399,-0.183
84051,0.041,-0.012,-0.993,0.244,7.202,-0.183
84101,0.039,-0.005,-0.995,0.549,0.122,0.000
84129,0.038,0.011,-0.992,0.671,-3.174,0.122
84156,0.042,0.009,-0.996,0.732,-5.310,0.000
84183,0.043,0.008,-0.997,0.610,-3.601,-0.061
84210,0.044,0.006,-0.996,0.610,-3.479,-0.061
84237,0.048,-0.008,-0.993,0.732,-5.371,-0.061
84266,0.052,-0.010,-0.999,0.610,-3.235,-0.122
84296,0.050,0.002,-0.997,0.488,-0.061,-0.061
84326,0.052,-0.003,-0.993,0.549,-1.465,-0.061
84357,0.053,-0.004,-0.995,0.610,-3.540,-0.122
84387,0.055,0.005,-0.994,0.610,-4.578,-0.061
84442,0.064,0.009,-0.996,0.854,-11.230,0.000
84470,0.067,0.011,-0.999,0.671,-6.836,-0.183
84500,0.068,0.007,-0.995,0.488,-3.967,-0.061
84529,0.072,-0.013,-0.993,0.671,-6.470,-0.061
84558,0.076,-0.012,-0.993,0.610,-7.385,-0.183
84587,0.080,-0.004,-0.995,0.732,-5.554,-0.244
84616,0.082,-0.003,-0.995,0.610,-3.052,-0.122
84645,0.082,-0.007,-0.996,0.488,0.854,-0.183
84674,0.081,-0.004,-0.995,0.244,3.784,-0.122
84703,0.081,-0.010,-0.994,0.244,7.324,-0.183
84732,0.075,-0.005,-0.995,0.244,8.606,-0.122
84760,0.070,0.012,-0.991,0.305,4.333,0.061
84812,0.071,0.014,-0.993,0.671,-5.493,0.061
84842,0.075,0.011,-0.996,0.732,-5.005,-0.183
84871,0.076,-0.002,-0.996,0.549,-2.136,-0.183
84900,0.078,-0.018,-0.995,0.488,0.183,-0.122
84928,0.077,-0.009,-0.994,0.305,1.404,0.122
84956,0.077,0.009,-0.992,0.488,-0.122,0.122
84985,0.078,-0.000,-0.994,0.610,-2.075,-0.061
85013,0.078,0.003,-0.995,0.549,-1.099,-0.183
85041,0.078,-0.008,-0.995,0.427,1.709,-0.244
85069,0.076,-0.008,-0.996,0.305,4.883,-0.183
85098,0.074,-0.006,-0.995,0.244,6.287,-0.061
85149,0.067,0.005,-0.994,0.244,6.348,-0.061
85178,0.065,0.000,-0.992,0.366,4.395,-0.061
85207,0.064,0.007,-0.994,0.549,1.221,0.000
85235,0.062,0.007,-0.994,0.610,-0.916,-0.122
85338,0.063,-0.008,-0.995,0.366,0.916,-0.244
85388,0.062,0.001,-0.996,0.488,1.648,-0.061
85418,0.061,0.004,-0.995,0.427,2.380,-0.061
85446,0.059,-0.001,-0.995,0.427,2.258,-0.122
85475,0.059,-0.007,-0.998,0.427,2.747,-0.122
85503,0.057,-0.004,-0.995,0.366,3.418,-0.122
85530,0.055,-0.002,-0.996,0.427,3.418,-0.061
85557,0.053,0.001,-0.998,0.366,4.333,-0.122
85613,0.047,-0.006,-0.995,0.244,7.324,-0.183
85643,0.042,-0.005,-0.994,0.366,4.517,0.000
85673,0.042,0.004,-0.996,0.549,2.380,0.000
85703,0.041,0.007,-0.996,0.549,1.465,0.000
85730,0.039,0.004,-0.997,0.549,0.793,-0.061
85759,0.040,-0.003,-0.998,0.366,3.174,-0.122
85788,0.037,-0.009,-0.997,0.183,5.920,-0.183
85813,0.033,-0.020,-0.997,0.244,6.958,-0.122
result,landed
---,fs_180,106496
ts,acc_x,acc_y,acc_z,gyr_x,gyr_y,gyr_z
106523,0.107,-0.106,-0.998,0.610,-0.610,-0.366
106553,0.101,-0.006,-0.994,0.671,2.502,-0.061
106606,0.097,-0.008,-0.991,0.122,6.531,-0.183
106635,0.094,-0.015,-0.994,0.244,8.972,-0.122
106670,0.090,-0.025,-0.995,0.061,11.902,0.000
106698,0.082,0.007,-0.993,0.183,12.207,0.122
106726,0.078,0.012,-0.991,0.244,9.338,0.183
106750,0.074,0.015,-0.994,0.244,7.019,0.122
106779,0.071,-0.002,-0.994,0.305,6.165,-0.122
106814,0.068,0.005,-0.992,0.427,3.601,0.061
106837,0.066,0.016,-0.994,0.488,0.488,0.061
106867,0.067,0.004,-0.993,0.671,-2.258,0.000
106896,0.069,-0.003,-0.996,0.732,-2.686,-0.061
106950,0.069,-0.011,-0.993,0.427,-0.183,-0.122
106975,0.069,-0.015,-0.996,0.916,2.380,0.000
107004,0.071,-0.014,-0.995,0.610,3.845,0.122
107034,0.065,0.005,-0.991,0.732,2.319,0.000
107062,0.065,-0.016,-0.996,1.099,1.953,-0.122
107091,0.064,-0.017,-0.995,1.404,1.953,-0.061
107121,0.066,-0.020,-0.996,1.343,-1.282,0.183
107149,0.069,-0.057,-0.997,0.854,-4.028,0.000
107176,0.072,-0.102,-0.994,0.427,-6.836,0.732
107205,0.081,-0.179,-0.982,1.648,-8.301,1.709
107235,0.093,-0.201,-0.993,0.427,-1.526,3.113
107291,0.050,0.332,-1.028,-3.174,10.986,1.526
107320,0.048,0.331,-1.034,-3.662,63.293,-0.854
107350,0.045,0.202,-1.019,-2.686,102.722,-1.160
107376,-0.012,-0.186,-0.917,2.747,14.282,1.404
107405,-0.023,-0.453,-0.998,-0.977,-28.503,-0.183
107435,-0.298,0.130,-0.759,-1.648,1.709,-1.831
107463,0.391,0.077,-1.156,-19.409,-32.104,-8.728
107497,0.058,0.580,-0.513,14.038,12.085,-5.920
107524,-0.014,0.100,-0.183,5.432,-12.024,-9.705
107554,0.017,0.553,-1.125,1.099,20.691,0.000
107655,-0.011,-0.480,-0.986,3.784,-0.610,-0.977
107733,0.007,-0.271,-1.007,0.366,3.845,0.488
107761,-0.036,0.020,-1.003,0.244,12.207,-0.854
107789,-0.017,0.010,-0.992,-1.282,5.310,0.000
107818,-0.038,-0.053,-0.978,-3.296,6.714,-0.793
107844,0.011,0.094,-1.018,-0.244,15.198,-0.366
107873,-0.034,0.292,-0.997,-1.038,12.512,-0.183
107902,-0.031,0.274,-0.993,-1.282,10.132,-0.244
107930,-0.038,0.076,-0.986,0.549,6.348,0.366
107958,-0.040,-0.119,-0.996,0.793,0.427,0.549
107986,-0.042,-0.240,-0.985,0.916,-5.188,0.122
108014,-0.038,-0.225,-0.991,3.296,-9.338,0.366
108064,-0.026,-0.248,-0.992,1.038,-13.672,0.000
108091,-0.011,-0.462,-0.995,0.183,-15.869,0.610
108124,0.010,-0.406,-1.003,-4.639,-28.809,2.136
108154,0.041,-0.200,-1.003,-8.728,-49.438,2.380
108184,0.106,-0.801,-1.014,-11.230,-27.222,6.165
108214,0.012,1.561,-1.110,-19.592,49.072,0.854
108244,0.254,3.128,-1.855,-101.990,65.674,-52.490
108273,-0.375,0.755,-1.531,-317.017,140.076,-10.437
108303,-0.114,-2.027,-0.403,-410.400,276.611,162.415
108331,0.027,-2.748,-1.293,-458.984,-82.703,222.961
108386,0.269,-1.073,0.309,-256.958,-58.289,134.155
108413,0.208,-1.471,-0.273,-195.801,90.149,166.382
108443,0.127,-0.752,-0.203,-131.348,163.269,225.403
108472,-0.054,-0.063,-0.095,-14.954,262.146,308.289
108501,0.900,0.065,0.765,91.370,461.792,337.341
108531,-0.631,0.484,0.658,246.948,668.945,346.802
108560,-0.605,0.614,4.000,310.120,588.806,262.512
108589,1.178,-0.396,1.254,253.113,266.418,261.658
108617,0.026,-0.807,-0.330,323.608,326.843,224.365
108652,-0.031,-0.475,-0.286,368.103,137.268,154.419
108704,-0.150,0.489,0.432,-88.745,444.519,55.298
108733,0.105,0.255,0.014,-20.386,57.861,-1.221
108768,-0.306,0.551,-0.825,-19.958,10.620,-16.418
108795,-0.299,-0.420,-0.763,16.846,-24.597,19.104
108824,-0.181,-0.504,-0.938,6.531,-71.289,4.089
108853,-0.229,-1.264,-1.013,2.502,12.939,-3.601
108881,-0.211,-1.319,-0.884,-6.958,39.368,-10.986
108910,-0.205,-0.159,-0.993,-5.798,-29.175,-20.447
108939,-0.092,0.057,-0.992,-3.784,-38.330,-17.639
108969,-0.119,0.125,-1.004,-2.502,6.531,-12.390
108998,-0.142,0.104,-0.966,-1.038,6.653,-11.597
109053,-0.166,-0.271,-0.975,-3.113,-0.427,-13.733
109083,-0.099,-0.040,-0.968,-2.258,-28.137,-14.343
109113,-0.084,0.075,-0.984,-0.366,-49.072,-13.428
109142,-0.045,0.406,-1.006,-1.587,-48.889,-8.240
109169,-0.047,0.845,-1.030,0.671,-43.213,-2.991
109198,-0.053,0.888,-1.030,1.709,-51.331,3.235
109226,-0.128,0.389,-0.986,1.038,-33.386,28.320
109328,-0.027,-0.181,-1.043,-2.380,-14.954,-2.502
109386,0.021,-0.224,-1.024,2.075,-12.878,0.183
109414,0.006,0.052,-1.010,0.122,17.639,-0.061
109468,-0.005,0.051,-0.987,-0.122,16.296,0.000
109497,-0.014,0.104,-0.983,1.770,-8.484,0.305
109524,0.006,-0.084,-0.989,5.188,-28.381,0.183
109554,-0.019,-0.362,-0.999,6.409,-50.232,-0.732
109581,0.053,-0.080,-1.018,1.648,-32.410,-0.488
109612,0.121,-0.316,-1.004,0.061,12.329,2.014
109636,-0.055,-0.015,-1.036,0.732,19.958,2.258
109666,0.089,-0.406,-0.917,3.418,38.086,3.174
109695,-0.023,0.005,-1.016,1.343,27.588,2.563
109724,-0.011,0.147,-0.996,1.160,10.742,1.770
109752,-0.008,0.116,-0.997,0.610,11.902,1.404
109808,-0.014,-0.058,-0.990,0.305,-6.592,0.610
109836,-0.010,-0.027,-1.002,1.099,-6.165,0.366
109866,-0.017,-0.043,-0.997,0.305,1.038,0.671
109895,-0.012,-0.089,-0.994,0.366,1.099,0.610
109924,0.023,-0.274,-0.968,-1.526,1.221,1.038
109952,-0.027,-0.234,-1.025,0.427,-5.920,0.000
109979,-0.001,-0.147,-0.995,0.610,-2.014,1.282
110007,-0.022,-0.197,-1.001,0.671,4.211,1.770
110036,-0.007,-0.280,-0.998,-0.610,9.644,0.977
110066,-0.020,-0.281,-0.998,-2.380,13.000,-0.977
110096,-0.021,-0.077,-0.996,-1.831,7.263,-2.258
110154,-0.015,0.787,-0.989,2.258,-26.489,1.160
110183,0.001,0.280,-1.015,0.183,-4.517,1.404
110211,-0.012,0.266,-0.995,-0.488,4.272,1.038
110239,-0.008,0.228,-0.988,-0.549,-5.615,0.977
110267,-0.007,0.164,-0.994,0.122,-15.686,0.427
110296,0.009,0.116,-1.002,0.732,-4.639,0.122
110324,0.003,0.102,-1.009,0.122,14.465,-0.061
110354,-0.001,0.052,-0.995,-0.244,21.484,-0.122
110381,-0.014,-0.033,-0.983,0.916,8.423,-0.183
110408,-0.013,0.006,-0.997,0.488,-3.601,-0.122
110435,-0.008,0.071,-0.999,-0.916,-12.573,0.061
110487,-0.007,-0.053,-1.007,-0.854,-1.770,0.061
110515,-0.003,-0.104,-0.995,-0.854,7.629,0.061
110545,-0.006,-0.145,-0.995,-0.854,9.216,0.000
110579,-0.009,-0.177,-0.989,-0.061,11.108,0.061
110608,-0.028,-0.174,-0.993,0.305,1.709,-0.183
110636,-0.021,-0.190,-1.001,0.366,-7.019,0.183
110665,-0.014,-0.156,-0.999,0.122,-6.287,0.854
110694,-0.015,-0.008,-1.016,-2.808,-5.188,2.991
110723,-0.011,0.045,-0.970,-3.296,-3.784,3.784
110753,0.053,0.040,-0.971,2.808,15.442,-0.427
110782,-0.019,-0.016,-1.028,6.470,15.381,-5.188
110832,0.020,0.011,-1.094,-0.366,-3.662,-0.793
110861,-0.048,-0.004,-0.934,0.305,-0.793,0.671
110891,0.010,0.028,-1.057,1.953,7.507,-0.610
110995,-0.020,-0.001,-1.014,1.160,0.671,-0.244
111054,-0.023,0.004,-0.988,0.916,0.793,0.122
111084,-0.016,0.005,-0.994,0.916,0.916,0.122
111114,-0.028,0.004,-0.987,0.671,0.061,0.122
111144,-0.011,0.008,-1.009,1.038,1.587,0.366
111174,-0.030,0.006,-0.991,0.793,-0.061,-0.183
111204,-0.023,0.009,-0.990,-0.061,-1.526,0.488
111232,-0.018,0.005,-0.990,0.122,-1.404,-0.061
111290,-0.026,0.008,-0.991,0.488,-0.793,0.000
111319,-0.012,0.005,-1.004,0.244,-0.671,0.061
111348,-0.016,0.012,-0.994,0.549,-0.488,0.366
111377,-0.021,-0.000,-0.988,0.793,0.854,-0.061
111404,-0.012,0.005,-1.019,0.732,-0.061,0.183
111432,-0.029,0.003,-0.972,0.488,-0.244,0.427
111459,-0.028,-0.001,-0.980,0.122,-1.709,-0.427
111488,-0.013,-0.003,-1.009,0.366,-0.488,1.038
111515,-0.008,0.002,-1.000,0.854,-0.305,-0.366
111544,-0.015,-0.007,-0.999,2.502,4.150,-0.793
111572,-0.001,0.007,-1.036,3.601,7.019,-0.122
111623,-0.073,-0.001,-0.909,0.000,-1.221,0.732
111652,-0.040,-0.004,-0.979,-2.808,-9.521,-1.038
111682,0.047,0.000,-1.103,-2.686,-7.874,0.366
111710,-0.037,-0.020,-0.934,0.122,0.854,0.732
111734,0.007,-0.009,-1.056,3.296,6.958,-1.038
111763,-0.011,-0.005,-1.028,4.089,10.437,0.549
111798,-0.083,-0.006,-0.884,1.221,1.282,0.854
111827,-0.045,-0.009,-0.969,-2.136,-8.301,-1.160
111856,0.030,-0.026,-1.097,-2.319,-7.446,-0.671
111883,-0.034,-0.045,-0.946,1.099,1.221,0.916
111908,-0.010,-0.031,-1.026,2.441,3.662,0.366
111965,-0.016,-0.013,-1.037,1.526,3.052,0.366
111994,-0.026,0.002,-0.984,1.343,1.709,0.122
112023,-0.029,-0.005,-0.989,0.671,-0.244,0.549
112051,-0.026,0.000,-1.004,0.427,-0.549,-0.061
112079,-0.021,0.003,-0.999,1.160,1.099,0.183
112109,-0.030,0.005,-0.989,1.343,1.648,0.244
112135,-0.019,0.002,-1.000,0.610,-0.488,0.000
112164,-0.023,0.005,-0.995,0.916,0.732,0.061
112193,-0.026,0.001,-1.000,0.671,0.610,0.244
112219,-0.023,-0.002,-0.995,0.732,-0.366,0.244
112244,-0.028,0.003,-0.995,0.732,0.061,0.000
112300,-0.031,0.027,-0.999,0.244,1.221,-0.122
112329,-0.030,-0.028,-0.978,1.160,-0.244,0.122
112359,-0.024,-0.004,-1.003,0.427,-0.427,0.244
112386,-0.029,0.008,-0.996,0.610,-0.366,0.061
112415,-0.022,-0.002,-0.990,0.610,-0.244,0.000
112443,-0.022,-0.001,-1.018,0.854,0.671,0.244
112471,-0.030,-0.001,-0.987,0.854,0.732,-0.061
112498,-0.029,0.014,-0.992,0.671,0.000,0.122
112527,-0.025,-0.006,-0.992,0.488,-0.061,-0.061
112632,-0.028,0.005,-0.998,0.671,0.061,0.122
112681,-0.026,0.003,-0.995,0.244,-1.282,0.061
112735,-0.055,0.001,-0.953,1.038,1.587,0.122
112765,-0.026,-0.002,-0.995,-0.671,-2.930,0.000
112795,-0.000,0.001,-1.024,0.610,-0.061,0.183
112824,-0.039,-0.000,-0.982,0.854,0.793,0.061
112854,-0.016,0.002,-1.009,0.122,-1.404,0.305
112881,-0.024,0.001,-0.996,0.671,0.671,0.183
112910,-0.039,0.009,-0.988,0.244,-0.854,0.244
112940,-0.015,-0.002,-1.009,0.732,-0.366,0.000
112968,-0.030,0.005,-0.991,0.854,0.549,0.061
112992,-0.028,0.005,-0.994,0.427,-0.977,0.305
113021,-0.026,0.002,-0.995,0.610,0.244,0.183
113078,-0.011,-0.018,-0.996,0.427,1.770,0.793
113105,-0.062,-0.007,-0.989,0.305,-0.854,-0.671
113135,-0.017,0.005,-1.008,0.671,-0.366,0.122
113161,-0.032,-0.001,-1.001,0.610,-0.183,0.305
113190,-0.033,0.002,-0.990,0.610,0.061,0.122
113218,-0.019,0.007,-0.997,0.732,0.366,0.183
113247,-0.031,0.008,-0.994,0.305,-1.831,0.244
113274,-0.014,0.009,-1.004,0.916,0.977,-0.061
113302,-0.031,0.005,-0.987,0.488,-1.587,0.122
113332,-0.025,0.007,-0.995,0.549,0.122,0.061
113361,-0.021,0.002,-0.998,0.610,0.488,0.122
113412,-0.027,0.009,-0.995,0.671,-0.305,0.000
113441,-0.025,0.007,-0.997,0.671,0.000,0.061
113471,-0.025,0.005,-0.994,0.610,-0.061,0.183
113503,-0.023,0.006,-0.997,0.671,0.183,0.061
113527,-0.029,0.004,-0.993,0.549,-0.305,0.244
113558,-0.029,0.001,-1.000,0.610,-0.366,0.061
113590,-0.022,0.005,-0.994,0.610,0.427,0.061
113613,-0.025,0.006,-0.993,0.549,-0.488,0.122
113646,-0.033,0.001,-0.996,0.610,0.061,0.061
113668,-0.022,0.004,-0.998,0.610,0.427,-0.061
113701,-0.020,0.010,-0.996,0.671,-0.305,0.122
113730,-0.027,0.007,-0.998,0.671,0.305,-0.061
113781,-0.024,0.007,-0.996,0.610,-0.122,0.061
113810,-0.022,0.005,-0.997,0.732,0.122,0.122
113839,-0.025,-0.002,-0.997,0.671,-0.183,-0.488
113868,-0.033,-0.003,-0.994,0.732,-0.427,1.038
113891,-0.017,0.009,-1.004,0.427,1.038,-0.427
113920,-0.040,0.025,-0.994,0.427,-0.427,0.122
113950,-0.027,0.008,-0.992,0.549,0.854,-0.122
113977,-0.021,0.007,-0.997,0.610,-0.061,0.000
114006,-0.027,0.010,-0.995,0.488,0.000,0.000
114034,-0.025,0.010,-0.996,0.549,0.061,0.000
114061,-0.023,0.016,-0.999,0.488,-0.061,0.000
114114,-0.023,0.024,-0.996,0.366,-0.061,-0.061
114143,-0.025,0.038,-0.997,0.305,0.427,-0.183
114172,-0.026,0.027,-0.996,0.427,0.183,-0.061
114271,-0.026,-0.018,-0.999,0.732,0.000,0.122
114327,-0.027,0.010,-0.993,0.793,0.671,0.061
114356,-0.029,0.009,-0.995,0.671,0.610,0.061
114386,-0.025,0.011,-0.995,0.549,0.244,0.061
114416,-0.024,0.010,-0.996,0.549,0.061,-0.122
114447,-0.028,0.006,-0.996,0.488,0.366,0.061
114476,-0.025,0.008,-0.996,0.549,0.122,0.000
114505,-0.026,0.009,-0.996,0.488,0.122,-0.061
114560,-0.027,0.008,-0.996,0.488,-0.061,0.000
114589,-0.026,0.005,-0.995,0.610,0.000,0.000
114617,-0.025,0.008,-0.997,0.549,0.000,-0.122
114645,-0.027,0.007,-0.995,0.549,0.061,0.000
114674,-0.025,0.005,-0.995,0.488,0.183,-0.183
114704,-0.025,0.005,-0.997,0.549,0.061,-0.061
114734,-0.025,0.004,-0.996,0.488,0.122,0.000
114764,-0.026,0.000,-0.997,0.549,0.122,-0.122
114794,-0.026,0.003,-0.997,0.488,0.000,-0.061
114824,-0.025,0.007,-0.995,0.549,0.122,-0.122
114854,-0.026,0.013,-0.997,0.488,0.000,-0.061
114907,-0.026,0.012,-0.996,0.488,0.000,-0.061
114936,-0.026,0.010,-0.997,0.427,0.000,-0.122
114969,-0.026,0.009,-0.996,0.488,0.061,-0.122
114997,-0.026,0.009,-0.997,0.488,0.061,-0.061
115024,-0.025,0.009,-0.995,0.488,0.000,-0.061
115053,-0.026,0.006,-0.996,0.488,0.000,-0.061
115078,-0.025,0.007,-0.996,0.549,0.061,-0.122
115111,-0.026,0.006,-0.997,0.488,0.061,-0.061
115136,-0.026,0.003,-0.996,0.488,0.061,-0.061
115169,-0.026,0.004,-0.996,0.427,0.061,-0.061
115194,-0.025,0.004,-0.996,0.549,0.061,-0.061
115248,-0.026,0.004,-0.996,0.488,0.061,-0.061
115275,-0.025,0.003,-0.995,0.488,-0.061,-0.061
115306,-0.026,0.002,-0.996,0.427,0.061,-0.061
115336,-0.026,0.003,-0.996,0.488,0.061,0.000
115364,-0.025,0.002,-0.996,0.549,0.000,-0.061
result,landed
